first,second,tensor,count,changed,mean_abs,max_abs,rms,l2,relative_l2,cosine
Certified,PPO,fc1.weight,192,192,0.7352699103082235,9.9110303678317,1.3302766873129352,18.43285448440336,3.0806506135691007,0.10048659137860864
Certified,PPO,fc2.weight,192,192,0.35101387146420976,3.8519320487976074,0.6340701690336519,8.785933986640568,1.25694517289471,-0.11771456997446954
Certified,PPO,all_weights,384,384,0.5431418908862167,9.9110303678317,1.0420367181790287,20.419666022263808,2.2192631997626897,0.04142892676743284
Certified,PPO certified & fine-tuned,fc1.weight,192,192,0.7352699103082235,9.9110303678317,1.3302766873129352,18.43285448440336,3.0806506135691007,0.10048659137860864
Certified,PPO certified & fine-tuned,fc2.weight,192,192,0.23137293845134602,4.550171659138869,0.6381810154092824,8.842895544918191,1.265094284397993,0.013152695303489967
Certified,PPO certified & fine-tuned,all_weights,384,384,0.48332142437978476,9.9110303678317,1.0432907248790004,20.444239434655497,2.2219339030814416,0.06541588359744449
PPO,PPO certified & fine-tuned,fc1.weight,192,0,0.0,0.0,0.0,0.0,0.0,1.0
PPO,PPO certified & fine-tuned,fc2.weight,192,192,0.2727734115518758,4.550390597998103,0.5096935637084583,7.062521189071154,1.547660008776084,0.02577412265649588
PPO,PPO certified & fine-tuned,all_weights,384,192,0.1363867057759379,4.550390597998103,0.3604077752253884,7.062521189071154,0.37941286725593487,0.9290844453547196
