label,training_seed,density_mode,mass_mode,attack,n_mc,n_success,p_success,p_fail,p_timeout,hit_time_s_mean,hit_time_s_median,normalized_effort_mean,normalized_effort_max,normalized_effort_success_mean,normalized_effort_success_max,n_nonfinite_effort,n_time_limit,n_goal,n_unsafe,n_domain_exit,n_nonfinite
Baseline,seed0,zero,zero,none,100,100,1.0,0.0,0.0,12.948000000000002,12.950000000000001,12.55127108544447,13.85003188277397,12.55127108544447,13.85003188277397,0,0,100,0,0,0
Baseline,seed0,zero,uniform,none,100,100,1.0,0.0,0.0,12.9476,12.950000000000001,12.550398622077312,13.852510026889595,12.550398622077312,13.852510026889595,0,0,100,0,0,0
Baseline,seed0,zero,adversarial,lookahead,100,100,1.0,0.0,0.0,13.045400000000003,13.030000000000001,12.789243932998007,14.111150857192683,12.789243932998007,14.111150857192683,0,0,100,0,0,0
Baseline,seed0,zero,adversarial,nearest_unsafe,100,100,1.0,0.0,0.0,12.866000000000001,12.84,12.35537258830442,13.675961055951039,12.35537258830442,13.675961055951039,0,0,100,0,0,0
Baseline,seed0,uniform,zero,none,100,100,1.0,0.0,0.0,12.9486,12.950000000000001,12.550762632094425,13.83994315496116,12.550762632094425,13.83994315496116,0,0,100,0,0,0
Baseline,seed0,uniform,uniform,none,100,100,1.0,0.0,0.0,12.9481,12.950000000000001,12.549845501920124,13.842456643463658,12.549845501920124,13.842456643463658,0,0,100,0,0,0
Baseline,seed0,uniform,adversarial,lookahead,100,100,1.0,0.0,0.0,13.0458,13.030000000000001,12.788640785248765,14.100913277618123,12.788640785248765,14.100913277618123,0,0,100,0,0,0
Baseline,seed0,uniform,adversarial,nearest_unsafe,100,100,1.0,0.0,0.0,12.866,12.84,12.354604492138746,13.666471402514567,12.354604492138746,13.666471402514567,0,0,100,0,0,0
Baseline,seed0,adversarial,zero,lookahead,100,100,1.0,0.0,0.0,13.0343,13.01,12.251316777722058,13.532519243386453,12.251316777722058,13.532519243386453,0,0,100,0,0,0
Baseline,seed0,adversarial,zero,nearest_unsafe,100,100,1.0,0.0,0.0,12.9672,12.97,12.42621441461335,13.657622519795574,12.42621441461335,13.657622519795574,0,0,100,0,0,0
Baseline,seed0,adversarial,uniform,lookahead,100,100,1.0,0.0,0.0,13.0349,13.01,12.250951821663456,13.534906756129482,12.250951821663456,13.534906756129482,0,0,100,0,0,0
Baseline,seed0,adversarial,uniform,nearest_unsafe,100,100,1.0,0.0,0.0,12.9678,12.97,12.425908463657242,13.66020926629989,12.425908463657242,13.66020926629989,0,0,100,0,0,0
Baseline,seed0,adversarial,adversarial,lookahead,100,100,1.0,0.0,0.0,13.129500000000002,13.11,12.476702848430833,13.751717400336064,12.476702848430833,13.751717400336064,0,0,100,0,0,0
Baseline,seed0,adversarial,adversarial,nearest_unsafe,100,100,1.0,0.0,0.0,12.8776,12.9,12.22885783097721,13.49148361437376,12.22885783097721,13.49148361437376,0,0,100,0,0,0
Energy,20260924_152906_397866,zero,zero,none,100,100,1.0,0.0,0.0,7.9308000000000005,7.94,11.518972448142458,12.782222257231863,11.518972448142458,12.782222257231863,0,0,100,0,0,0
Energy,20260924_152906_397866,zero,uniform,none,100,100,1.0,0.0,0.0,7.930599999999999,7.94,11.518100490333019,12.784909130973535,11.518100490333019,12.784909130973535,0,0,100,0,0,0
Energy,20260924_152906_397866,zero,adversarial,lookahead,100,100,1.0,0.0,0.0,7.9422999999999995,7.96,11.607308456636623,12.864483061607233,11.607308456636623,12.864483061607233,0,0,100,0,0,0
Energy,20260924_152906_397866,zero,adversarial,nearest_unsafe,100,100,1.0,0.0,0.0,7.9056999999999995,7.91,11.390300671432577,12.61674521956996,11.390300671432577,12.61674521956996,0,0,100,0,0,0
Energy,20260924_152906_397866,uniform,zero,none,100,100,1.0,0.0,0.0,7.930600000000001,7.94,11.518541497305087,12.778472597705884,11.518541497305087,12.778472597705884,0,0,100,0,0,0
Energy,20260924_152906_397866,uniform,uniform,none,100,100,1.0,0.0,0.0,7.9304,7.94,11.517669363215846,12.78117838555954,11.517669363215846,12.78117838555954,0,0,100,0,0,0
Energy,20260924_152906_397866,uniform,adversarial,lookahead,100,100,1.0,0.0,0.0,7.9418999999999995,7.96,11.606675181894166,12.859470122218914,11.606675181894166,12.859470122218914,0,0,100,0,0,0
Energy,20260924_152906_397866,uniform,adversarial,nearest_unsafe,100,100,1.0,0.0,0.0,7.905999999999999,7.91,11.390354922557917,12.613124866925206,11.390354922557917,12.613124866925206,0,0,100,0,0,0
Energy,20260924_152906_397866,adversarial,zero,lookahead,100,100,1.0,0.0,0.0,7.976400000000001,7.98,11.47617216500793,12.733574211516851,11.47617216500793,12.733574211516851,0,0,100,0,0,0
Energy,20260924_152906_397866,adversarial,zero,nearest_unsafe,100,100,1.0,0.0,0.0,7.976400000000001,7.98,11.47617216500793,12.733574211516851,11.47617216500793,12.733574211516851,0,0,100,0,0,0
Energy,20260924_152906_397866,adversarial,uniform,lookahead,100,100,1.0,0.0,0.0,7.976199999999999,7.98,11.475314911278724,12.736241371994362,11.475314911278724,12.736241371994362,0,0,100,0,0,0
Energy,20260924_152906_397866,adversarial,uniform,nearest_unsafe,100,100,1.0,0.0,0.0,7.976199999999999,7.98,11.475314911278724,12.736241371994362,11.475314911278724,12.736241371994362,0,0,100,0,0,0
Energy,20260924_152906_397866,adversarial,adversarial,lookahead,100,100,1.0,0.0,0.0,7.9894,7.99,11.560733825268558,12.825811283908399,11.560733825268558,12.825811283908399,0,0,100,0,0,0
Energy,20260924_152906_397866,adversarial,adversarial,nearest_unsafe,100,100,1.0,0.0,0.0,7.9523,7.96,11.350671962674642,12.598253493994978,11.350671962674642,12.598253493994978,0,0,100,0,0,0
