controller,density_mode,mass_mode,n_seeds,p_success,p_success_seed_std,selected_attacks,p_fail,p_timeout,hit_time_s_mean,normalized_effort_mean,normalized_effort_success_mean,normalized_effort_max,normalized_effort_success_max
Baseline,zero,zero,1,1.0,0.0,"{""seed0"": ""none""}",0.0,0.0,12.948000000000002,12.55127108544447,12.55127108544447,13.85003188277397,13.85003188277397
Baseline,zero,uniform,1,1.0,0.0,"{""seed0"": ""none""}",0.0,0.0,12.9476,12.550398622077312,12.550398622077312,13.852510026889595,13.852510026889595
Baseline,zero,adversarial,1,1.0,0.0,"{""seed0"": ""lookahead""}",0.0,0.0,13.045400000000003,12.789243932998007,12.789243932998007,14.111150857192683,14.111150857192683
Baseline,uniform,zero,1,1.0,0.0,"{""seed0"": ""none""}",0.0,0.0,12.9486,12.550762632094425,12.550762632094425,13.83994315496116,13.83994315496116
Baseline,uniform,uniform,1,1.0,0.0,"{""seed0"": ""none""}",0.0,0.0,12.9481,12.549845501920124,12.549845501920124,13.842456643463658,13.842456643463658
Baseline,uniform,adversarial,1,1.0,0.0,"{""seed0"": ""lookahead""}",0.0,0.0,13.0458,12.788640785248765,12.788640785248765,14.100913277618123,14.100913277618123
Baseline,adversarial,zero,1,1.0,0.0,"{""seed0"": ""lookahead""}",0.0,0.0,13.0343,12.251316777722058,12.251316777722058,13.532519243386453,13.532519243386453
Baseline,adversarial,uniform,1,1.0,0.0,"{""seed0"": ""lookahead""}",0.0,0.0,13.0349,12.250951821663456,12.250951821663456,13.534906756129482,13.534906756129482
Baseline,adversarial,adversarial,1,1.0,0.0,"{""seed0"": ""lookahead""}",0.0,0.0,13.129500000000002,12.476702848430833,12.476702848430833,13.751717400336064,13.751717400336064
Energy,zero,zero,1,1.0,0.0,"{""20260924_152906_397866"": ""none""}",0.0,0.0,7.9308000000000005,11.518972448142458,11.518972448142458,12.782222257231863,12.782222257231863
Energy,zero,uniform,1,1.0,0.0,"{""20260924_152906_397866"": ""none""}",0.0,0.0,7.930599999999999,11.518100490333019,11.518100490333019,12.784909130973535,12.784909130973535
Energy,zero,adversarial,1,1.0,0.0,"{""20260924_152906_397866"": ""lookahead""}",0.0,0.0,7.9422999999999995,11.607308456636623,11.607308456636623,12.864483061607233,12.864483061607233
Energy,uniform,zero,1,1.0,0.0,"{""20260924_152906_397866"": ""none""}",0.0,0.0,7.930600000000001,11.518541497305087,11.518541497305087,12.778472597705884,12.778472597705884
Energy,uniform,uniform,1,1.0,0.0,"{""20260924_152906_397866"": ""none""}",0.0,0.0,7.9304,11.517669363215846,11.517669363215846,12.78117838555954,12.78117838555954
Energy,uniform,adversarial,1,1.0,0.0,"{""20260924_152906_397866"": ""lookahead""}",0.0,0.0,7.9418999999999995,11.606675181894166,11.606675181894166,12.859470122218914,12.859470122218914
Energy,adversarial,zero,1,1.0,0.0,"{""20260924_152906_397866"": ""lookahead""}",0.0,0.0,7.976400000000001,11.47617216500793,11.47617216500793,12.733574211516851,12.733574211516851
Energy,adversarial,uniform,1,1.0,0.0,"{""20260924_152906_397866"": ""lookahead""}",0.0,0.0,7.976199999999999,11.475314911278724,11.475314911278724,12.736241371994362,12.736241371994362
Energy,adversarial,adversarial,1,1.0,0.0,"{""20260924_152906_397866"": ""lookahead""}",0.0,0.0,7.9894,11.560733825268558,11.560733825268558,12.825811283908399,12.825811283908399
