step,seconds,initial_upper,unsafe_lower,generator_upper,energy_cells,region_cells,loss
0,5.7704173330000685,3.8301190152284907,0.0,5439.599111481481,1,10,5447.42933049671
1,5.772302832999912,1.29390221951992,0.0,5435.436239805133,2,15,5440.730242024652
2,5.773678582999992,1.29390221951992,0.0,1773.2557917492866,4,22,1778.5497939688064
3,5.775041624999858,1.069280403083461,0.0,1772.171765430623,7,31,1777.2411458337065
4,5.77644954099992,1.069280403083461,0.033013088475849536,167.9285705960878,12,44,172.96493791069543
5,5.777869582999983,0.9989146757079792,0.04530065736044836,163.89787403057167,18,57,168.85267337321122
6,5.779370665999977,0.9989146757079792,0.05771235033490672,75.55202196448718,29,70,80.49440961415227
7,5.780911874999902,0.9711211607989005,0.11235331760800171,70.45430112226539,39,87,75.3420478046574
8,5.782577291000052,0.9711211607989005,0.47011421303893697,29.305810007912516,52,102,33.835795794873576
9,5.784202207999897,0.9587737607547182,0.4802746541610429,25.335293367124834,64,113,29.85511871296379
10,5.785729250000031,0.9587737607547182,1.76389016356107,12.79776898977993,78,120,16.03397882621886
11,5.787298250000049,0.9529547311647892,2.1265142323948085,7.086746897267583,92,127,9.960332664872773
12,5.788883457999873,0.9529547311647892,3.601969862944071,3.3418995208833824,109,135,4.740029657939312
13,5.790467249999892,0.9529547311647892,5.079537046862879,2.0697432419959068,125,141,2.069843241995907
14,5.792014290999987,0.9529547311647892,5.079537046862879,0.3921915284218045,139,141,0.3922915284218045
15,5.794156124999972,0.9529547311647892,5.079537046862879,0.000134031999043787,151,141,0.00023403199904378698
16,5.795979708000004,0.9529547311647892,5.079537046862879,6.404477384662201e-05,162,141,0.000164044773846622
17,5.797674707999931,0.9529547311647892,5.079537046862879,2.5744913732495933e-05,174,141,0.00012574491373249592
18,5.799329499999885,0.9529547311647892,5.079537046862879,-1.705871255254873e-05,190,141,8.294128744745128e-05
19,5.801056083000049,0.9529547311647892,5.079537046862879,-5.3307016674049345e-05,209,141,4.669298332595066e-05
20,5.802849874999993,0.9529547311647892,5.079537046862879,-7.470882981657168e-05,225,141,2.529117018342833e-05
21,5.8046175409999705,0.9529547311647892,5.079537046862879,-9.283298187732201e-05,241,141,7.1670181226779944e-06
22,5.806226624999908,0.9529547311647892,5.079537046862879,-9.907358266041028e-05,248,141,9.264173395897234e-07
23,5.808320915999957,0.9714842772724774,5.178305133989653,-0.00010100000000000002,248,141,0
