step,seconds,loss,cells,failed_generator,V_initial_upper,V_unsafe_lower,GV_active_upper
0,0.27690904199994293,0.0,125,19,0.8000000000000003,11.268993460253062,3501.5590874323148
25,0.7533792499998526,0.0,125,19,0.8000000000000003,11.268993460253062,3501.5590874323148
50,1.3658562919999895,0.0,125,19,0.8000000000000003,11.268993460253062,3501.5590874323148
75,1.9567583339999146,0.0,125,19,0.8000000000000003,11.268993460253062,3501.5590874323148
100,2.566819791999933,0.0,125,19,0.8000000000000003,11.268993460253062,3501.5590874323148
125,3.1854201669998474,0.0,125,19,0.8000000000000003,11.268993460253062,3501.5590874323148
150,3.7338857499998994,0.0,125,19,0.8000000000000003,11.268993460253062,3501.5590874323148
175,4.2209484999998494,0.0,125,19,0.8000000000000003,11.268993460253062,3501.5590874323148
200,4.83802999999989,0.0,125,19,0.8000000000000003,11.268993460253062,3501.5590874323148
225,5.3364415839998856,0.0,125,19,0.8000000000000003,11.268993460253062,3501.5590874323148
250,6.051934708999852,1153.2888833617128,144,35,0.8495100792874442,11.249035604711205,1641.626246703053
275,6.521142958999917,30.068574622720444,185,51,0.7840269065424089,9.952550975120158,1025.135096986224
300,6.831353624999792,16.656784050003896,236,60,0.8973475152862918,9.436453931470414,930.8120871873305
325,7.360594583999955,12.774498241868542,295,52,0.9444259217631308,9.063732448033603,380.1281915505022
350,7.761295416999928,4.561808815470059,349,50,0.9501048195548715,8.713884560461656,363.23380422793514
375,8.178549916999827,4.288808685059004,400,73,0.949694494423873,8.53273825797195,354.15082856103186
400,8.457738583999799,3.96071654391531,475,86,0.949578234674171,8.386829509737261,204.9401151820743
425,8.820923999999877,3.785718761837951,563,99,0.9507407631625422,8.24429626025246,133.1461398969989
450,9.175594416999957,2.938760710395517,663,144,0.9523441195934217,8.107924847950544,86.41775052281623
475,9.480741249999937,2.183139389018459,805,185,0.9524869211221806,7.8583519962531305,78.3815087935556
500,9.816134583999883,2.1498377424088266,997,250,0.9522892417052915,7.296730084584176,69.51690909465076
525,10.22160345899988,2.0052587724282054,1253,347,0.9530285248289764,6.322039501559853,57.12230352023914
550,10.670912999999928,2.127453433414841,1509,471,0.9556469216177251,5.268651880852492,50.58938699484575
575,11.239728416999924,2.78545237683412,1765,568,0.9592745459155059,5.238680619964659,45.29598463937088
600,11.801606458999913,2.9641825998423066,2021,555,0.9581473692651824,5.219779271413747,41.46077571055094
625,12.275561541999878,2.6934851840545164,2277,455,0.9577163516578584,5.205015020225846,38.21593591896471
650,12.973435041999892,2.1692858014440457,2533,294,0.95651059105948,5.222625234837534,14.540467588371758
675,13.744220624999798,1.0271081896380962,2789,225,0.9531712722971141,5.2400819958043625,14.114707089468467
700,14.403232874999958,1.1240974680403681,3014,132,0.9521122541768652,5.243119169444301,8.618566397228085
725,15.052947916999983,1.096704945196208,3154,55,0.9513565290210855,5.246139188538098,1.2755968811771623
750,15.721920124999997,1.0461768372463711,3213,44,0.9510072520268841,5.24660033295348,0.12178498228326864
775,16.39455924999993,0.891131250817673,3256,47,0.9510190187849272,5.247685030237853,0.0990333801954558
800,17.078620249999858,0.8583938110145293,3305,59,0.9507776965384607,5.246098836873381,0.06809631476546801
825,17.767248666999876,0.8721111715049262,3366,75,0.9513148971569996,5.243471421076186,0.06088652980205876
850,18.485328458999902,0.7604297470116794,3433,78,0.9512796458782101,5.246059736486515,0.04150305563002937
875,19.233114333999993,0.752430330398813,3509,51,0.951148789267726,5.24602602217999,0.0260513628067408
900,19.95867508399988,0.8753992159839323,3565,37,0.9509986662990857,5.247469883598306,0.11727877186081487
925,20.697359667,0.5768560152238861,3603,27,0.9512748618230631,5.242472803246384,0.07133738263697437
950,21.46024033399999,0.5885084999592723,3609,1,0.9512428533716926,5.245978224648855,0.0029295857077463548
975,22.19895312499989,0.5616652481007124,3612,0,0.9514863791590937,5.24229971542475,-0.0011128206127052672
