timesteps,eval_success_rate,eval_fail_rate,eval_timeout_rate,eval_mean_return,eval_mean_episode_length,eval_success_ma,best_eval_success_rate,plateau_evals,elapsed_sec
20000,0.0,1.0,0.0,-1.1957207120184896,346.40625,0.0,0.0,0,10.355143070220947
40000,1.0,0.0,0.0,0.11624614483117268,923.078125,0.5,0.5,0,31.051536083221436
60000,1.0,0.0,0.0,1.0660191590400796,219.9375,0.6666666666666666,0.6666666666666666,0,47.48427104949951
80000,0.0,0.0,1.0,-1.0879077688499348,3000.0,0.5,0.6666666666666666,0,80.15989208221436
100000,0.0,0.0,1.0,-2.1128457565620566,3000.0,0.4,0.6666666666666666,0,112.77479791641235
120000,0.0,0.0,1.0,-0.38388082576593174,3000.0,0.3333333333333333,0.6666666666666666,0,145.22256994247437
140000,1.0,0.0,0.0,1.1641225809626898,77.140625,0.42857142857142855,0.6666666666666666,0,160.78347611427307
160000,1.0,0.0,0.0,1.179698345421693,72.0625,0.5,0.6666666666666666,0,176.44770193099976
180000,1.0,0.0,0.0,1.1854018922200784,66.296875,0.5555555555555556,0.6666666666666666,0,192.1429259777069
200000,0.953125,0.046875,0.0,1.0564404354290953,65.25,0.5953125,0.6666666666666666,1,209.71468901634216
220000,1.0,0.0,0.0,0.9600427965236656,127.375,0.6953125,0.6953125,0,225.6168248653412
240000,1.0,0.0,0.0,1.2314206642826862,46.703125,0.6953125,0.6953125,1,241.00728106498718
260000,1.0,0.0,0.0,1.2489583903344532,40.953125,0.6953125,0.6953125,2,257.1006200313568
280000,1.0,0.0,0.0,1.279112212063189,31.703125,0.7953125,0.7953125,0,273.3202600479126
300000,1.0,0.0,0.0,1.2880101760272005,29.46875,0.8953125,0.8953125,0,289.38920998573303
320000,1.0,0.0,0.0,1.2890615475241836,29.640625,0.9953125,0.9953125,0,304.7469711303711
340000,1.0,0.0,0.0,1.288434752820474,29.625,0.9953125,0.9953125,1,320.65783500671387
360000,1.0,0.0,0.0,1.2920866030119404,29.765625,0.9953125,0.9953125,2,336.1525640487671
380000,1.0,0.0,0.0,1.2932497709998383,29.84375,0.9953125,0.9953125,3,352.01376509666443
400000,1.0,0.0,0.0,1.296921823993002,30.234375,1.0,1.0,4,367.59695410728455
420000,1.0,0.0,0.0,1.3004517129448954,29.484375,1.0,1.0,5,383.23968291282654
440000,1.0,0.0,0.0,1.292936604572244,29.859375,1.0,1.0,6,398.52747893333435
460000,1.0,0.0,0.0,1.2984365950117076,28.921875,1.0,1.0,7,413.7122280597687
480000,1.0,0.0,0.0,1.2983636600285988,29.40625,1.0,1.0,8,428.84215116500854
500000,1.0,0.0,0.0,1.2988139002300543,28.84375,1.0,1.0,9,444.07087993621826
520000,1.0,0.0,0.0,1.297132479976582,29.0625,1.0,1.0,10,459.5114150047302
540000,1.0,0.0,0.0,1.2970614101944267,28.875,1.0,1.0,11,475.0783939361572
560000,1.0,0.0,0.0,1.296210603195866,28.6875,1.0,1.0,12,490.08255410194397
580000,1.0,0.0,0.0,1.290897648659099,27.859375,1.0,1.0,13,505.67547607421875
600000,1.0,0.0,0.0,1.2936207454234647,28.078125,1.0,1.0,14,522.247848033905
620000,1.0,0.0,0.0,1.2937719966436756,28.03125,1.0,1.0,15,538.1943039894104
