epoch,seconds,loss,loss_initial,loss_unsafe,loss_GV,initial_cells,unsafe_cells,generator_cells
0,0.14817233299982036,15202.0687797696,0.0,0.9687797695985184,15201.1,1,1,1
25,0.345977332999837,1.2045321412542955,0.10453214125429544,0.0,1.1,1,2,2
50,0.513263957999925,1.1,0.0,0.0,1.1,2,2,3
75,0.5940162079998572,1.1,0.0,0.0,1.1,2,2,4
100,0.6752150830000119,1.1,0.0,0.0,1.1,2,2,5
125,0.7566957079998247,1.1,0.0,0.0,1.1,2,2,6
150,0.8385563749998255,1.1,0.0,0.0,1.1,2,2,7
175,0.9224254169998858,1.1,0.0,0.0,1.1,2,2,8
200,1.005860791999794,1.1,0.0,0.0,1.1,2,2,9
225,1.091333541999802,1.1,0.0,0.0,1.1,2,2,10
226,1.1714459169998008,0.0,0.0,0.0,0.0,2,2,11
